"GHO (CODE)","GHO (DISPLAY)","GHO (URL)","PUBLISHSTATE (CODE)","PUBLISHSTATE (DISPLAY)","PUBLISHSTATE (URL)","YEAR (CODE)","YEAR (DISPLAY)","YEAR (URL)","REGION (CODE)","REGION (DISPLAY)","REGION (URL)","SUBREGION (CODE)","SUBREGION (DISPLAY)","SUBREGION (URL)","COUNTRY (CODE)","COUNTRY (DISPLAY)","COUNTRY (URL)","Display Value","Numeric","Low","High","Comments"
"WHS7_134","Social security expenditure on health as a percentage of general government expenditure on health","http://apps.who.int/gho/indicatorregistry/App_Main/view_indicator.aspx?iid=121","PUBLISHED","Published","","2004","2004","","EMR","Eastern Mediterranean","","","","","PAK","Pakistan","","4.5","4.54","","",""
"WHS3_48","Malaria - number of reported cases","http://apps.who.int/gho/indicatorregistry/App_Main/view_indicator.aspx?iid=50","PUBLISHED","Published","","2006","2006","","EMR","Eastern Mediterranean","","","","","PAK","Pakistan","","123761","","","",""
"WHS3_49","Poliomyelitis - number of reported cases","http://apps.who.int/gho/indicatorregistry/App_Main/view_indicator.aspx?iid=51","PUBLISHED","Published","","2012","2012","","EMR","Eastern Mediterranean","","","","","PAK","Pakistan","","73.00","73","","",""
"WHS7_147","Private expenditure on health as a percentage of total expenditure on health","http://apps.who.int/gho/indicatorregistry/App_Main/view_indicator.aspx?iid=119","PUBLISHED","Published","","2008","2008","","EMR","Eastern Mediterranean","","","","","PAK","Pakistan","","73.9","73.92","","",""
"WHS9_95","Total fertility rate (per woman)","http://apps.who.int/gho/indicatorregistry/App_Main/view_indicator.aspx?iid=123","PUBLISHED","Published","","2010","2010","","EMR","Eastern Mediterranean","","","","","PAK","Pakistan","","3.4","3.42","","",""
"WHS7_105","Per capita total expenditure on health (PPP int. $)","http://apps.who.int/gho/indicatorregistry/App_Main/view_indicator.aspx?iid=110","PUBLISHED","Published","","2005","2005","","EMR","Eastern Mediterranean","","","","","PAK","Pakistan","","59.7","59.67","","",""
"WHS7_108","Per capita government expenditure on health (PPP int. $)","http://apps.who.int/gho/indicatorregistry/App_Main/view_indicator.aspx?iid=108","PUBLISHED","Published","","2004","2004","","EMR","Eastern Mediterranean","","","","","PAK","Pakistan","","14.4","14.35","","",""
"WHS7_156","Per capita total expenditure on health at average exchange rate (US$)","http://apps.who.int/gho/indicatorregistry/App_Main/view_indicator.aspx?iid=111","PUBLISHED","Published","","2006","2006","","EMR","Eastern Mediterranean","","","","","PAK","Pakistan","","21.7","21.65","","",""
"DEVICES09","Total density per million population: Computed tomography","http://apps.who.int/gho/indicatorregistry/App_Main/view_indicator.aspx?iid=3006","PUBLISHED","Published","","2010","2010","","EMR","Eastern Mediterranean","","","","","PAK","Pakistan","","0.35","0.35","","",""
"WHS7_120","External resources for health as a percentage of total expenditure on health","http://apps.who.int/gho/indicatorregistry/App_Main/view_indicator.aspx?iid=91","PUBLISHED","Published","","2008","2008","","EMR","Eastern Mediterranean","","","","","PAK","Pakistan","","3.8","3.82","","",""
"WHS7_139","Out-of-pocket expenditure as a percentage of private expenditure on health","http://apps.who.int/gho/indicatorregistry/App_Main/view_indicator.aspx?iid=107","PUBLISHED","Published","","2004","2004","","EMR","Eastern Mediterranean","","","","","PAK","Pakistan","","81.3","81.29","","",""
"WHS7_143","Total expenditure on health as a percentage of gross domestic product","http://apps.who.int/gho/indicatorregistry/App_Main/view_indicator.aspx?iid=122","PUBLISHED","Published","","2010","2010","","EMR","Eastern Mediterranean","","","","","PAK","Pakistan","","2.8","2.79","","",""
"WHS7_103","Private prepaid plans as a percentage of private expenditure on health","http://apps.who.int/gho/indicatorregistry/App_Main/view_indicator.aspx?iid=120","PUBLISHED","Published","","2005","2005","","EMR","Eastern Mediterranean","","","","","PAK","Pakistan","","0.3","0.28","","",""
"WHS7_149","General government expenditure on health as a percentage of total expenditure on health","http://apps.who.int/gho/indicatorregistry/App_Main/view_indicator.aspx?iid=92","PUBLISHED","Published","","2003","2003","","EMR","Eastern Mediterranean","","","","","PAK","Pakistan","","24.1","24.08","","",""
"MDG_0000000029","Prevalence of HIV among adults aged 15 to 49 (%)","http://apps.who.int/gho/indicatorregistry/App_Main/view_indicator.aspx?iid=334","PUBLISHED","Published","","2011","2011","","EMR","Eastern Mediterranean","","","","","PAK","Pakistan","","  0.1 [<0.1-0.3]","0.1","","0.3",""
"WHS4_117","Hepatitis B (HepB3) immunization coverage among 1-year-olds (%)","http://apps.who.int/gho/indicatorregistry/App_Main/view_indicator.aspx?iid=95","PUBLISHED","Published","","2009","2009","","EMR","Eastern Mediterranean","","","","","PAK","Pakistan","","76","76","","",""
"WHS7_149","General government expenditure on health as a percentage of total expenditure on health","http://apps.who.int/gho/indicatorregistry/App_Main/view_indicator.aspx?iid=92","PUBLISHED","Published","","2011","2011","","EMR","Eastern Mediterranean","","","","","PAK","Pakistan","","27.0","27.02","","",""
"WHS4_128","Neonates protected at birth against neonatal tetanus (PAB) (%)","http://apps.who.int/gho/indicatorregistry/App_Main/view_indicator.aspx?iid=98","PUBLISHED","Published","","2003","2003","","EMR","Eastern Mediterranean","","","","","PAK","Pakistan","","79","79","","",""
"WHS3_62","Measles - number of reported cases","http://apps.who.int/gho/indicatorregistry/App_Main/view_indicator.aspx?iid=60","PUBLISHED","Published","","2011","2011","","EMR","Eastern Mediterranean","","","","","PAK","Pakistan","","4386.00","4386","","",""
"WHS7_113","General government expenditure on health as a percentage of total government expenditure","http://apps.who.int/gho/indicatorregistry/App_Main/view_indicator.aspx?iid=93","PUBLISHED","Published","","2006","2006","","EMR","Eastern Mediterranean","","","","","PAK","Pakistan","","3.5","3.47","","",""
"WHS3_41","Diphtheria - number of reported cases","http://apps.who.int/gho/indicatorregistry/App_Main/view_indicator.aspx?iid=43","PUBLISHED","Published","","2010","2010","","EMR","Eastern Mediterranean","","","","","PAK","Pakistan","","37","37","","",""
"WHS4_100","Diphtheria tetanus toxoid and pertussis (DTP3) immunization coverage among 1-year-olds (%)","http://apps.who.int/gho/indicatorregistry/App_Main/view_indicator.aspx?iid=88","PUBLISHED","Published","","2007","2007","","EMR","Eastern Mediterranean","","","","","PAK","Pakistan","","83","83","","",""
"WHS9_CS","Cellular subscribers (per 100 population)","http://apps.who.int/gho/indicatorregistry/App_Main/view_indicator.aspx?iid=2974","PUBLISHED","Published","","2011","2011","","EMR","Eastern Mediterranean","","","","","PAK","Pakistan","","62","61.61","","",""
"WHS4_128","Neonates protected at birth against neonatal tetanus (PAB) (%)","http://apps.who.int/gho/indicatorregistry/App_Main/view_indicator.aspx?iid=98","PUBLISHED","Published","","2006","2006","","EMR","Eastern Mediterranean","","","","","PAK","Pakistan","","80","80","","",""
"WHS7_103","Private prepaid plans as a percentage of private expenditure on health","http://apps.who.int/gho/indicatorregistry/App_Main/view_indicator.aspx?iid=120","PUBLISHED","Published","","2008","2008","","EMR","Eastern Mediterranean","","","","","PAK","Pakistan","","0.2","0.21","","",""
"WHS4_117","Hepatitis B (HepB3) immunization coverage among 1-year-olds (%)","http://apps.who.int/gho/indicatorregistry/App_Main/view_indicator.aspx?iid=95","PUBLISHED","Published","","2006","2006","","EMR","Eastern Mediterranean","","","","","PAK","Pakistan","","83","83","","",""
"WHS7_149","General government expenditure on health as a percentage of total expenditure on health","http://apps.who.int/gho/indicatorregistry/App_Main/view_indicator.aspx?iid=92","PUBLISHED","Published","","2009","2009","","EMR","Eastern Mediterranean","","","","","PAK","Pakistan","","26.2","26.21","","",""
"WHS9_86","Population (in thousands) total","http://apps.who.int/gho/indicatorregistry/App_Main/view_indicator.aspx?iid=113","PUBLISHED","Published","","2007","2007","","EMR","Eastern Mediterranean","","","","","PAK","Pakistan","","163902405","163902400","0","0",""
"WHS4_117","Hepatitis B (HepB3) immunization coverage among 1-year-olds (%)","http://apps.who.int/gho/indicatorregistry/App_Main/view_indicator.aspx?iid=95","PUBLISHED","Published","","2007","2007","","EMR","Eastern Mediterranean","","","","","PAK","Pakistan","","83","83","","",""
"WHS7_143","Total expenditure on health as a percentage of gross domestic product","http://apps.who.int/gho/indicatorregistry/App_Main/view_indicator.aspx?iid=122","PUBLISHED","Published","","2011","2011","","EMR","Eastern Mediterranean","","","","","PAK","Pakistan","","2.5","2.51","","",""
"WHS7_113","General government expenditure on health as a percentage of total government expenditure","http://apps.who.int/gho/indicatorregistry/App_Main/view_indicator.aspx?iid=93","PUBLISHED","Published","","2004","2004","","EMR","Eastern Mediterranean","","","","","PAK","Pakistan","","3.0","3","","",""
"WHS9_86","Population (in thousands) total","http://apps.who.int/gho/indicatorregistry/App_Main/view_indicator.aspx?iid=113","PUBLISHED","Published","","2009","2009","","EMR","Eastern Mediterranean","","","","","PAK","Pakistan","","170494","170494","","",""
"WHS7_143","Total expenditure on health as a percentage of gross domestic product","http://apps.who.int/gho/indicatorregistry/App_Main/view_indicator.aspx?iid=122","PUBLISHED","Published","","2002","2002","","EMR","Eastern Mediterranean","","","","","PAK","Pakistan","","3.0","3.01","","",""
"WHS7_104","Per capita government expenditure on health at average exchange rate (US$)","http://apps.who.int/gho/indicatorregistry/App_Main/view_indicator.aspx?iid=109","PUBLISHED","Published","","2007","2007","","EMR","Eastern Mediterranean","","","","","PAK","Pakistan","","7.1","7.09","","",""
"WHS7_105","Per capita total expenditure on health (PPP int. $)","http://apps.who.int/gho/indicatorregistry/App_Main/view_indicator.aspx?iid=110","PUBLISHED","Published","","2008","2008","","EMR","Eastern Mediterranean","","","","","PAK","Pakistan","","83.7","83.75","","",""
"WHS7_103","Private prepaid plans as a percentage of private expenditure on health","http://apps.who.int/gho/indicatorregistry/App_Main/view_indicator.aspx?iid=120","PUBLISHED","Published","","2006","2006","","EMR","Eastern Mediterranean","","","","","PAK","Pakistan","","0.3","0.29","","",""
"WHS7_139","Out-of-pocket expenditure as a percentage of private expenditure on health","http://apps.who.int/gho/indicatorregistry/App_Main/view_indicator.aspx?iid=107","PUBLISHED","Published","","2005","2005","","EMR","Eastern Mediterranean","","","","","PAK","Pakistan","","81.4","81.37","","",""
"WHS7_104","Per capita government expenditure on health at average exchange rate (US$)","http://apps.who.int/gho/indicatorregistry/App_Main/view_indicator.aspx?iid=109","PUBLISHED","Published","","2010","2010","","EMR","Eastern Mediterranean","","","","","PAK","Pakistan","","7.9","7.9","","",""
"WHS7_143","Total expenditure on health as a percentage of gross domestic product","http://apps.who.int/gho/indicatorregistry/App_Main/view_indicator.aspx?iid=122","PUBLISHED","Published","","2005","2005","","EMR","Eastern Mediterranean","","","","","PAK","Pakistan","","2.8","2.78","","",""
"WHS9_93","Gross national income per capita (PPP int. $)","http://apps.who.int/gho/indicatorregistry/App_Main/view_indicator.aspx?iid=94","PUBLISHED","Published","","2011","2011","","EMR","Eastern Mediterranean","","","","","PAK","Pakistan","","2870","2870","","",""
"WHS9_92","Population proportion over 60 (%)","http://apps.who.int/gho/indicatorregistry/App_Main/view_indicator.aspx?iid=117","PUBLISHED","Published","","2010","2010","","EMR","Eastern Mediterranean","","","","","PAK","Pakistan","","6","6.41","","",""
"WHS9_CBR","Crude birth rate (per 1000 population)","http://apps.who.int/gho/indicatorregistry/App_Main/view_indicator.aspx?iid=2978","PUBLISHED","Published","","2010","2010","","EMR","Eastern Mediterranean","","","","","PAK","Pakistan","","27","27","","",""
"WHS7_156","Per capita total expenditure on health at average exchange rate (US$)","http://apps.who.int/gho/indicatorregistry/App_Main/view_indicator.aspx?iid=111","PUBLISHED","Published","","2004","2004","","EMR","Eastern Mediterranean","","","","","PAK","Pakistan","","17.7","17.74","","",""
"WHS8_110","Measles (MCV) immunization coverage among 1-year-olds (%)","http://apps.who.int/gho/indicatorregistry/App_Main/view_indicator.aspx?iid=2","PUBLISHED","Published","","2006","2006","","EMR","Eastern Mediterranean","","","","","PAK","Pakistan","","80","80","","",""
"WHS4_100","Diphtheria tetanus toxoid and pertussis (DTP3) immunization coverage among 1-year-olds (%)","http://apps.who.int/gho/indicatorregistry/App_Main/view_indicator.aspx?iid=88","PUBLISHED","Published","","2008","2008","","EMR","Eastern Mediterranean","","","","","PAK","Pakistan","","69","69","","",""
"WHS7_139","Out-of-pocket expenditure as a percentage of private expenditure on health","http://apps.who.int/gho/indicatorregistry/App_Main/view_indicator.aspx?iid=107","PUBLISHED","Published","","2011","2011","","EMR","Eastern Mediterranean","","","","","PAK","Pakistan","","86.3","86.34","","",""
"WHS9_86","Population (in thousands) total","http://apps.who.int/gho/indicatorregistry/App_Main/view_indicator.aspx?iid=113","PUBLISHED","Published","","2010","2010","","EMR","Eastern Mediterranean","","","","","PAK","Pakistan","","173593","173593","","",""
"WHS3_62","Measles - number of reported cases","http://apps.who.int/gho/indicatorregistry/App_Main/view_indicator.aspx?iid=60","PUBLISHED","Published","","2010","2010","","EMR","Eastern Mediterranean","","","","","PAK","Pakistan","","4321","4321","","",""
"WHS7_143","Total expenditure on health as a percentage of gross domestic product","http://apps.who.int/gho/indicatorregistry/App_Main/view_indicator.aspx?iid=122","PUBLISHED","Published","","2003","2003","","EMR","Eastern Mediterranean","","","","","PAK","Pakistan","","2.9","2.87","","",""
"WHS7_104","Per capita government expenditure on health at average exchange rate (US$)","http://apps.who.int/gho/indicatorregistry/App_Main/view_indicator.aspx?iid=109","PUBLISHED","Published","","2008","2008","","EMR","Eastern Mediterranean","","","","","PAK","Pakistan","","7.5","7.54","","",""
"MDG_0000000034","Antiretroviral therapy coverage among people with advanced HIV infection (%), WHO 2006 guidelines","http://apps.who.int/gho/indicatorregistry/App_Main/view_indicator.aspx?iid=12","PUBLISHED","Published","","2009","2009","","EMR","Eastern Mediterranean","","","","","PAK","Pakistan","","6 [5-8]","6","5","8",""
"WHS7_156","Per capita total expenditure on health at average exchange rate (US$)","http://apps.who.int/gho/indicatorregistry/App_Main/view_indicator.aspx?iid=111","PUBLISHED","Published","","2005","2005","","EMR","Eastern Mediterranean","","","","","PAK","Pakistan","","19.2","19.15","","",""
"WHS7_120","External resources for health as a percentage of total expenditure on health","http://apps.who.int/gho/indicatorregistry/App_Main/view_indicator.aspx?iid=91","PUBLISHED","Published","","2009","2009","","EMR","Eastern Mediterranean","","","","","PAK","Pakistan","","3.4","3.36","","",""
"WHS8_110","Measles (MCV) immunization coverage among 1-year-olds (%)","http://apps.who.int/gho/indicatorregistry/App_Main/view_indicator.aspx?iid=2","PUBLISHED","Published","","2007","2007","","EMR","Eastern Mediterranean","","","","","PAK","Pakistan","","80","80","","",""
"WHS7_103","Private prepaid plans as a percentage of private expenditure on health","http://apps.who.int/gho/indicatorregistry/App_Main/view_indicator.aspx?iid=120","PUBLISHED","Published","","2007","2007","","EMR","Eastern Mediterranean","","","","","PAK","Pakistan","","0.2","0.25","","",""
"WHS7_139","Out-of-pocket expenditure as a percentage of private expenditure on health","http://apps.who.int/gho/indicatorregistry/App_Main/view_indicator.aspx?iid=107","PUBLISHED","Published","","2003","2003","","EMR","Eastern Mediterranean","","","","","PAK","Pakistan","","80.2","80.2","","",""
"WHS4_128","Neonates protected at birth against neonatal tetanus (PAB) (%)","http://apps.who.int/gho/indicatorregistry/App_Main/view_indicator.aspx?iid=98","PUBLISHED","Published","","2005","2005","","EMR","Eastern Mediterranean","","","","","PAK","Pakistan","","78","78","","",""
"WHS2_3070_all","Age-standardized mortality rate by cause (ages 30-70, per 100 000 population) - All causes","http://apps.who.int/gho/indicatorregistry/App_Main/view_indicator.aspx?iid=78","PUBLISHED","Published","","2008","2008","","EMR","Eastern Mediterranean","","","","","PAK","Pakistan","","998","998","","",""
"WHS7_134","Social security expenditure on health as a percentage of general government expenditure on health","http://apps.who.int/gho/indicatorregistry/App_Main/view_indicator.aspx?iid=121","PUBLISHED","Published","","2011","2011","","EMR","Eastern Mediterranean","","","","","PAK","Pakistan","","3.2","3.24","","",""
"WHS3_48","Malaria - number of reported cases","http://apps.who.int/gho/indicatorregistry/App_Main/view_indicator.aspx?iid=50","PUBLISHED","Published","","2007","2007","","EMR","Eastern Mediterranean","","","","","PAK","Pakistan","","128380","","","",""
"WHS9_96","Population living in urban areas (%)","http://apps.who.int/gho/indicatorregistry/App_Main/view_indicator.aspx?iid=114","PUBLISHED","Published","","2010","2010","","EMR","Eastern Mediterranean","","","","","PAK","Pakistan","","36","35.9","","",""
"WHS7_149","General government expenditure on health as a percentage of total expenditure on health","http://apps.who.int/gho/indicatorregistry/App_Main/view_indicator.aspx?iid=92","PUBLISHED","Published","","2010","2010","","EMR","Eastern Mediterranean","","","","","PAK","Pakistan","","28.2","28.18","","",""
"WHS4_117","Hepatitis B (HepB3) immunization coverage among 1-year-olds (%)","http://apps.who.int/gho/indicatorregistry/App_Main/view_indicator.aspx?iid=95","PUBLISHED","Published","","2008","2008","","EMR","Eastern Mediterranean","","","","","PAK","Pakistan","","69","69","","",""
"WHS8_110","Measles (MCV) immunization coverage among 1-year-olds (%)","http://apps.who.int/gho/indicatorregistry/App_Main/view_indicator.aspx?iid=2","PUBLISHED","Published","","2004","2004","","EMR","Eastern Mediterranean","","","","","PAK","Pakistan","","67","67","","",""
"WHS7_104","Per capita government expenditure on health at average exchange rate (US$)","http://apps.who.int/gho/indicatorregistry/App_Main/view_indicator.aspx?iid=109","PUBLISHED","Published","","2011","2011","","EMR","Eastern Mediterranean","","","","","PAK","Pakistan","","8.0","8.02","","",""
"WHS7_113","General government expenditure on health as a percentage of total government expenditure","http://apps.who.int/gho/indicatorregistry/App_Main/view_indicator.aspx?iid=93","PUBLISHED","Published","","2007","2007","","EMR","Eastern Mediterranean","","","","","PAK","Pakistan","","3.2","3.19","","",""
"WHS4_108","Children aged <5 years with ARI symptoms who took antibiotic treatment (%)","http://apps.who.int/gho/indicatorregistry/App_Main/view_indicator.aspx?iid=2973","PUBLISHED","Published","","2010","2010","","EMR","Eastern Mediterranean","","","","","PAK","Pakistan","","29.1","29.1","","",""
"WHS7_104","Per capita government expenditure on health at average exchange rate (US$)","http://apps.who.int/gho/indicatorregistry/App_Main/view_indicator.aspx?iid=109","PUBLISHED","Published","","2002","2002","","EMR","Eastern Mediterranean","","","","","PAK","Pakistan","","4.3","4.3","","",""
"MALARIA001","Malaria - number of reported deaths","http://apps.who.int/gho/indicatorregistry/App_Main/view_indicator.aspx?iid=2967","PUBLISHED","Published","","2006","2006","","EMR","Eastern Mediterranean","","","","","PAK","Pakistan","","9","9","","",""
"WHS6_116","Median consumer price ratio of selected generic medicines - Private","http://apps.who.int/gho/indicatorregistry/App_Main/view_indicator.aspx?iid=11","PUBLISHED","Published","","2004","2004","","EMR","Eastern Mediterranean","","","","","PAK","Pakistan","","2.26","2.26","","",""
"WHS7_108","Per capita government expenditure on health (PPP int. $)","http://apps.who.int/gho/indicatorregistry/App_Main/view_indicator.aspx?iid=108","PUBLISHED","Published","","2005","2005","","EMR","Eastern Mediterranean","","","","","PAK","Pakistan","","16.0","16.02","","",""
"WHS4_124","Children aged 6-59 months who received vitamin A supplementation (%)","http://apps.who.int/gho/indicatorregistry/App_Main/view_indicator.aspx?iid=69","PUBLISHED","Published","","2010","2010","","EMR","Eastern Mediterranean","","","","","PAK","Pakistan","","60.2","60.2","","",""
"WHS7_147","Private expenditure on health as a percentage of total expenditure on health","http://apps.who.int/gho/indicatorregistry/App_Main/view_indicator.aspx?iid=119","PUBLISHED","Published","","2006","2006","","EMR","Eastern Mediterranean","","","","","PAK","Pakistan","","68.8","68.83","","",""
"WHS9_CDR","Crude death rate (per 1000 population)","http://apps.who.int/gho/indicatorregistry/App_Main/view_indicator.aspx?iid=117","PUBLISHED","Published","","2011","2011","","EMR","Eastern Mediterranean","","","","","PAK","Pakistan","","7","7","","",""
"WHS7_134","Social security expenditure on health as a percentage of general government expenditure on health","http://apps.who.int/gho/indicatorregistry/App_Main/view_indicator.aspx?iid=121","PUBLISHED","Published","","2005","2005","","EMR","Eastern Mediterranean","","","","","PAK","Pakistan","","4.4","4.38","","",""
"WHS9_86","Population (in thousands) total","http://apps.who.int/gho/indicatorregistry/App_Main/view_indicator.aspx?iid=113","PUBLISHED","Published","","2007","2007","","EMR","Eastern Mediterranean","","","","","PAK","Pakistan","","164446","164446","","",""
"WHS7_149","General government expenditure on health as a percentage of total expenditure on health","http://apps.who.int/gho/indicatorregistry/App_Main/view_indicator.aspx?iid=92","PUBLISHED","Published","","2004","2004","","EMR","Eastern Mediterranean","","","","","PAK","Pakistan","","25.6","25.6","","",""
"WHS2_138","Deaths due to HIV/AIDS (per 100 000 population)","http://apps.who.int/gho/indicatorregistry/App_Main/view_indicator.aspx?iid=86","PUBLISHED","Published","","2011","2011","","EMR","Eastern Mediterranean","","","","","PAK","Pakistan","","2.7","2.7","","",""
"WHS7_105","Per capita total expenditure on health (PPP int. $)","http://apps.who.int/gho/indicatorregistry/App_Main/view_indicator.aspx?iid=110","PUBLISHED","Published","","2006","2006","","EMR","Eastern Mediterranean","","","","","PAK","Pakistan","","63.8","63.84","","",""
"WHS7_147","Private expenditure on health as a percentage of total expenditure on health","http://apps.who.int/gho/indicatorregistry/App_Main/view_indicator.aspx?iid=119","PUBLISHED","Published","","2009","2009","","EMR","Eastern Mediterranean","","","","","PAK","Pakistan","","73.8","73.79","","",""
"WHS9_97","Annual population growth rate (%)","http://apps.who.int/gho/indicatorregistry/App_Main/view_indicator.aspx?iid=79","PUBLISHED","Published","","2010","2010","","EMR","Eastern Mediterranean","","","","","PAK","Pakistan","","1.8","1.8","","",""
"WHS7_120","External resources for health as a percentage of total expenditure on health","http://apps.who.int/gho/indicatorregistry/App_Main/view_indicator.aspx?iid=91","PUBLISHED","Published","","2006","2006","","EMR","Eastern Mediterranean","","","","","PAK","Pakistan","","2.6","2.61","","",""
"WHS7_113","General government expenditure on health as a percentage of total government expenditure","http://apps.who.int/gho/indicatorregistry/App_Main/view_indicator.aspx?iid=93","PUBLISHED","Published","","2005","2005","","EMR","Eastern Mediterranean","","","","","PAK","Pakistan","","3.1","3.11","","",""
"WHS9_86","Population (in thousands) total","http://apps.who.int/gho/indicatorregistry/App_Main/view_indicator.aspx?iid=113","PUBLISHED","Published","","2002","2002","","EMR","Eastern Mediterranean","","","","","PAK","Pakistan","","150407","150407","","",""
"WHS7_108","Per capita government expenditure on health (PPP int. $)","http://apps.who.int/gho/indicatorregistry/App_Main/view_indicator.aspx?iid=108","PUBLISHED","Published","","2003","2003","","EMR","Eastern Mediterranean","","","","","PAK","Pakistan","","12.5","12.5","","",""
"MDG_0000000010","Median availability of selected generic medicines (%) - Public","http://apps.who.int/gho/indicatorregistry/App_Main/view_indicator.aspx?iid=10","PUBLISHED","Published","","2004","2004","","EMR","Eastern Mediterranean","","","","","PAK","Pakistan","","3.3","3.3","","",""
"WHS7_113","General government expenditure on health as a percentage of total government expenditure","http://apps.who.int/gho/indicatorregistry/App_Main/view_indicator.aspx?iid=93","PUBLISHED","Published","","2008","2008","","EMR","Eastern Mediterranean","","","","","PAK","Pakistan","","3.2","3.16","","",""
"WHS4_154","Antenatal care coverage - at least four visits (%)","http://apps.who.int/gho/indicatorregistry/App_Main/view_indicator.aspx?iid=80","PUBLISHED","Published","","2007","2007","","EMR","Eastern Mediterranean","","","","","PAK","Pakistan","","28.4","28.4","","","
Data refers to years 2006-2007. 
"
"WHS7_149","General government expenditure on health as a percentage of total expenditure on health","http://apps.who.int/gho/indicatorregistry/App_Main/view_indicator.aspx?iid=92","PUBLISHED","Published","","2002","2002","","EMR","Eastern Mediterranean","","","","","PAK","Pakistan","","28.8","28.81","","",""
"WHS7_147","Private expenditure on health as a percentage of total expenditure on health","http://apps.who.int/gho/indicatorregistry/App_Main/view_indicator.aspx?iid=119","PUBLISHED","Published","","2007","2007","","EMR","Eastern Mediterranean","","","","","PAK","Pakistan","","72.8","72.82","","",""
"WHS4_128","Neonates protected at birth against neonatal tetanus (PAB) (%)","http://apps.who.int/gho/indicatorregistry/App_Main/view_indicator.aspx?iid=98","PUBLISHED","Published","","2004","2004","","EMR","Eastern Mediterranean","","","","","PAK","Pakistan","","78","78","","",""
"WHS4_100","Diphtheria tetanus toxoid and pertussis (DTP3) immunization coverage among 1-year-olds (%)","http://apps.who.int/gho/indicatorregistry/App_Main/view_indicator.aspx?iid=88","PUBLISHED","Published","","2009","2009","","EMR","Eastern Mediterranean","","","","","PAK","Pakistan","","76","76","","",""
"WHOSIS_000011","Alcohol consumption among adults aged ?15 years (litres of pure alcohol per person per year)","http://apps.who.int/gho/indicatorregistry/App_Main/view_indicator.aspx?iid=462","PUBLISHED","Published","","2005","2005","","EMR","Eastern Mediterranean","","","","","PAK","Pakistan","","<0.1","","","",""
"WHS7_134","Social security expenditure on health as a percentage of general government expenditure on health","http://apps.who.int/gho/indicatorregistry/App_Main/view_indicator.aspx?iid=121","PUBLISHED","Published","","2006","2006","","EMR","Eastern Mediterranean","","","","","PAK","Pakistan","","3.9","3.92","","",""
"WHS9_86","Population (in thousands) total","http://apps.who.int/gho/indicatorregistry/App_Main/view_indicator.aspx?iid=113","PUBLISHED","Published","","2008","2008","","EMR","Eastern Mediterranean","","","","","PAK","Pakistan","","167442","167442","","",""
"WHS7_156","Per capita total expenditure on health at average exchange rate (US$)","http://apps.who.int/gho/indicatorregistry/App_Main/view_indicator.aspx?iid=111","PUBLISHED","Published","","2003","2003","","EMR","Eastern Mediterranean","","","","","PAK","Pakistan","","15.8","15.82","","",""
"WHS4_106","Children aged <5 years with ARI symptoms taken to a health facility (%)","http://apps.who.int/gho/indicatorregistry/App_Main/view_indicator.aspx?iid=70","PUBLISHED","Published","","2010","2010","","EMR","Eastern Mediterranean","","","","","PAK","Pakistan","","55.6","55.6","","",""
"WHS7_134","Social security expenditure on health as a percentage of general government expenditure on health","http://apps.who.int/gho/indicatorregistry/App_Main/view_indicator.aspx?iid=121","PUBLISHED","Published","","2003","2003","","EMR","Eastern Mediterranean","","","","","PAK","Pakistan","","4.9","4.94","","",""
"WHS3_48","Malaria - number of reported cases","http://apps.who.int/gho/indicatorregistry/App_Main/view_indicator.aspx?iid=50","PUBLISHED","Published","","2008","2008","","EMR","Eastern Mediterranean","","","","","PAK","Pakistan","","104334","","","",""
"WHS8_110","Measles (MCV) immunization coverage among 1-year-olds (%)","http://apps.who.int/gho/indicatorregistry/App_Main/view_indicator.aspx?iid=2","PUBLISHED","Published","","2005","2005","","EMR","Eastern Mediterranean","","","","","PAK","Pakistan","","78","78","","",""
"WHS7_105","Per capita total expenditure on health (PPP int. $)","http://apps.who.int/gho/indicatorregistry/App_Main/view_indicator.aspx?iid=110","PUBLISHED","Published","","2007","2007","","EMR","Eastern Mediterranean","","","","","PAK","Pakistan","","74.1","74.12","","",""
"WHS4_100","Diphtheria tetanus toxoid and pertussis (DTP3) immunization coverage among 1-year-olds (%)","http://apps.who.int/gho/indicatorregistry/App_Main/view_indicator.aspx?iid=88","PUBLISHED","Published","","2006","2006","","EMR","Eastern Mediterranean","","","","","PAK","Pakistan","","83","83","","",""
"WHS7_120","External resources for health as a percentage of total expenditure on health","http://apps.who.int/gho/indicatorregistry/App_Main/view_indicator.aspx?iid=91","PUBLISHED","Published","","2007","2007","","EMR","Eastern Mediterranean","","","","","PAK","Pakistan","","3.0","3.02","","",""
"WHS4_115","Births by caesarean section (%)","http://apps.who.int/gho/indicatorregistry/App_Main/view_indicator.aspx?iid=68","PUBLISHED","Published","","2007","2007","","EMR","Eastern Mediterranean","","","","","PAK","Pakistan","","7.3","7.3","","","
Data refers to years 2006-2007. 
"
"WHS7_139","Out-of-pocket expenditure as a percentage of private expenditure on health","http://apps.who.int/gho/indicatorregistry/App_Main/view_indicator.aspx?iid=107","PUBLISHED","Published","","2006","2006","","EMR","Eastern Mediterranean","","","","","PAK","Pakistan","","82.0","81.99","","",""
"WHS9_89","Population proportion under 15 (%)","http://apps.who.int/gho/indicatorregistry/App_Main/view_indicator.aspx?iid=118","PUBLISHED","Published","","2010","2010","","EMR","Eastern Mediterranean","","","","","PAK","Pakistan","","35","35.37","","",""
"MALARIA001","Malaria - number of reported deaths","http://apps.who.int/gho/indicatorregistry/App_Main/view_indicator.aspx?iid=2967","PUBLISHED","Published","","2007","2007","","EMR","Eastern Mediterranean","","","","","PAK","Pakistan","","24","24","","",""
"WHS7_108","Per capita government expenditure on health (PPP int. $)","http://apps.who.int/gho/indicatorregistry/App_Main/view_indicator.aspx?iid=108","PUBLISHED","Published","","2006","2006","","EMR","Eastern Mediterranean","","","","","PAK","Pakistan","","19.9","19.9","","",""
"WHS4_111","Antenatal care coverage - at least one visit (%)","http://apps.who.int/gho/indicatorregistry/App_Main/view_indicator.aspx?iid=81","PUBLISHED","Published","","2011","2011","","EMR","Eastern Mediterranean","","","","","PAK","Pakistan","","64.0","64","","","
Data refers to years 2010-2011. Skilled personnel not defined.
"
"WHS7_104","Per capita government expenditure on health at average exchange rate (US$)","http://apps.who.int/gho/indicatorregistry/App_Main/view_indicator.aspx?iid=109","PUBLISHED","Published","","2009","2009","","EMR","Eastern Mediterranean","","","","","PAK","Pakistan","","6.9","6.9","","",""
"WHS7_143","Total expenditure on health as a percentage of gross domestic product","http://apps.who.int/gho/indicatorregistry/App_Main/view_indicator.aspx?iid=122","PUBLISHED","Published","","2004","2004","","EMR","Eastern Mediterranean","","","","","PAK","Pakistan","","2.9","2.86","","",""
"WHS4_129","Hib (Hib3) immunization coverage among 1-year-olds (%)","http://apps.who.int/gho/indicatorregistry/App_Main/view_indicator.aspx?iid=96","PUBLISHED","Published","","2011","2011","","EMR","Eastern Mediterranean","","","","","PAK","Pakistan","","80","80","","",""
"WHS3_57","Rubella - number of reported cases","http://apps.who.int/gho/indicatorregistry/App_Main/view_indicator.aspx?iid=59","PUBLISHED","Published","","2011","2011","","EMR","Eastern Mediterranean","","","","","PAK","Pakistan","","189.00","189","","",""
"WHS2_3070_cancer","Age-standardized mortality rate by cause (ages 30-70, per 100 000 population) - Cancer","http://apps.who.int/gho/indicatorregistry/App_Main/view_indicator.aspx?iid=78","PUBLISHED","Published","","2008","2008","","EMR","Eastern Mediterranean","","","","","PAK","Pakistan","","152","152","","",""
"WHS7_139","Out-of-pocket expenditure as a percentage of private expenditure on health","http://apps.who.int/gho/indicatorregistry/App_Main/view_indicator.aspx?iid=107","PUBLISHED","Published","","2007","2007","","EMR","Eastern Mediterranean","","","","","PAK","Pakistan","","85.3","85.32","","",""
"WHS7_113","General government expenditure on health as a percentage of total government expenditure","http://apps.who.int/gho/indicatorregistry/App_Main/view_indicator.aspx?iid=93","PUBLISHED","Published","","2009","2009","","EMR","Eastern Mediterranean","","","","","PAK","Pakistan","","3.3","3.29","","",""
"WHS7_105","Per capita total expenditure on health (PPP int. $)","http://apps.who.int/gho/indicatorregistry/App_Main/view_indicator.aspx?iid=110","PUBLISHED","Published","","2002","2002","","EMR","Eastern Mediterranean","","","","","PAK","Pakistan","","51.8","51.8","","",""
"WHS7_156","Per capita total expenditure on health at average exchange rate (US$)","http://apps.who.int/gho/indicatorregistry/App_Main/view_indicator.aspx?iid=111","PUBLISHED","Published","","2009","2009","","EMR","Eastern Mediterranean","","","","","PAK","Pakistan","","26.3","26.32","","",""
"WHS9_86","Population (in thousands) total","http://apps.who.int/gho/indicatorregistry/App_Main/view_indicator.aspx?iid=113","PUBLISHED","Published","","2006","2006","","EMR","Eastern Mediterranean","","","","","PAK","Pakistan","","161513","161513","","",""
"WHS4_128","Neonates protected at birth against neonatal tetanus (PAB) (%)","http://apps.who.int/gho/indicatorregistry/App_Main/view_indicator.aspx?iid=98","PUBLISHED","Published","","2009","2009","","EMR","Eastern Mediterranean","","","","","PAK","Pakistan","","84","84","","",""
"WHS8_110","Measles (MCV) immunization coverage among 1-year-olds (%)","http://apps.who.int/gho/indicatorregistry/App_Main/view_indicator.aspx?iid=2","PUBLISHED","Published","","2003","2003","","EMR","Eastern Mediterranean","","","","","PAK","Pakistan","","61","61","","",""
"WHS7_104","Per capita government expenditure on health at average exchange rate (US$)","http://apps.who.int/gho/indicatorregistry/App_Main/view_indicator.aspx?iid=109","PUBLISHED","Published","","2004","2004","","EMR","Eastern Mediterranean","","","","","PAK","Pakistan","","4.5","4.54","","",""
"WHS7_143","Total expenditure on health as a percentage of gross domestic product","http://apps.who.int/gho/indicatorregistry/App_Main/view_indicator.aspx?iid=122","PUBLISHED","Published","","2007","2007","","EMR","Eastern Mediterranean","","","","","PAK","Pakistan","","3.0","3.01","","",""
"WHS4_100","Diphtheria tetanus toxoid and pertussis (DTP3) immunization coverage among 1-year-olds (%)","http://apps.who.int/gho/indicatorregistry/App_Main/view_indicator.aspx?iid=88","PUBLISHED","Published","","2004","2004","","EMR","Eastern Mediterranean","","","","","PAK","Pakistan","","65","65","","",""
"WHS7_103","Private prepaid plans as a percentage of private expenditure on health","http://apps.who.int/gho/indicatorregistry/App_Main/view_indicator.aspx?iid=120","PUBLISHED","Published","","2011","2011","","EMR","Eastern Mediterranean","","","","","PAK","Pakistan","","0.3","0.31","","",""
"WHS7_120","External resources for health as a percentage of total expenditure on health","http://apps.who.int/gho/indicatorregistry/App_Main/view_indicator.aspx?iid=91","PUBLISHED","Published","","2005","2005","","EMR","Eastern Mediterranean","","","","","PAK","Pakistan","","2.7","2.66","","",""
"WHS7_134","Social security expenditure on health as a percentage of general government expenditure on health","http://apps.who.int/gho/indicatorregistry/App_Main/view_indicator.aspx?iid=121","PUBLISHED","Published","","2007","2007","","EMR","Eastern Mediterranean","","","","","PAK","Pakistan","","4.1","4.09","","",""
"WHS3_43","Pertussis - number of reported cases","http://apps.who.int/gho/indicatorregistry/App_Main/view_indicator.aspx?iid=45","PUBLISHED","Published","","2010","2010","","EMR","Eastern Mediterranean","","","","","PAK","Pakistan","","109","109","","",""
"WHS4_129","Hib (Hib3) immunization coverage among 1-year-olds (%)","http://apps.who.int/gho/indicatorregistry/App_Main/view_indicator.aspx?iid=96","PUBLISHED","Published","","2009","2009","","EMR","Eastern Mediterranean","","","","","PAK","Pakistan","","76","76","","",""
"WHS3_43","Pertussis - number of reported cases","http://apps.who.int/gho/indicatorregistry/App_Main/view_indicator.aspx?iid=45","PUBLISHED","Published","","2011","2011","","EMR","Eastern Mediterranean","","","","","PAK","Pakistan","","156.00","156","","",""
"MDG_0000000026","Maternal mortality ratio (per 100 000 live births) - Interagency estimates","http://apps.who.int/gho/indicatorregistry/App_Main/view_indicator.aspx?iid=26","PUBLISHED","Published","","2010","2010","","EMR","Eastern Mediterranean","","","","","PAK","Pakistan","","260 [150-500]","260","150","500",""
"WHS7_147","Private expenditure on health as a percentage of total expenditure on health","http://apps.who.int/gho/indicatorregistry/App_Main/view_indicator.aspx?iid=119","PUBLISHED","Published","","2002","2002","","EMR","Eastern Mediterranean","","","","","PAK","Pakistan","","71.2","71.19","","",""
"WHS7_113","General government expenditure on health as a percentage of total government expenditure","http://apps.who.int/gho/indicatorregistry/App_Main/view_indicator.aspx?iid=93","PUBLISHED","Published","","2003","2003","","EMR","Eastern Mediterranean","","","","","PAK","Pakistan","","2.8","2.76","","",""
"WHS6_101","Median availability of selected generic medicines (%) - Private","http://apps.who.int/gho/indicatorregistry/App_Main/view_indicator.aspx?iid=10","PUBLISHED","Published","","2004","2004","","EMR","Eastern Mediterranean","","","","","PAK","Pakistan","","31.3","31.3","","",""
"WHS3_46","Total tetanus - number of reported cases","http://apps.who.int/gho/indicatorregistry/App_Main/view_indicator.aspx?iid=48","PUBLISHED","Published","","2011","2011","","EMR","Eastern Mediterranean","","","","","PAK","Pakistan","","516.00","516","","",""
"HIV_0000000020","Estimated percentage of pregnant women living with HIV who received antiretrovirals for preventing mother-to-child transmission","http://apps.who.int/gho/indicatorregistry/App_Main/view_indicator.aspx?iid=2932","PUBLISHED","Published","","2011","2011","","EMR","Eastern Mediterranean","","","","","PAK","Pakistan","","? [1-5]","0","1","5",""
"WHS8_110","Measles (MCV) immunization coverage among 1-year-olds (%)","http://apps.who.int/gho/indicatorregistry/App_Main/view_indicator.aspx?iid=2","PUBLISHED","Published","","2011","2011","","EMR","Eastern Mediterranean","","","","","PAK","Pakistan","","80","80","","",""
"WHS7_147","Private expenditure on health as a percentage of total expenditure on health","http://apps.who.int/gho/indicatorregistry/App_Main/view_indicator.aspx?iid=119","PUBLISHED","Published","","2005","2005","","EMR","Eastern Mediterranean","","","","","PAK","Pakistan","","73.2","73.15","","",""
"WHS4_2530","Postnatal care visit within two days of birth (%)","http://apps.who.int/gho/indicatorregistry/App_Main/view_indicator.aspx?iid=2972","PUBLISHED","Published","","2007","2007","","EMR","Eastern Mediterranean","","","","","PAK","Pakistan","","39.4","39.4","","","
Data refers to years 2006-2007. 
"
"WHS9_86","Population (in thousands) total","http://apps.who.int/gho/indicatorregistry/App_Main/view_indicator.aspx?iid=113","PUBLISHED","Published","","2003","2003","","EMR","Eastern Mediterranean","","","","","PAK","Pakistan","","153140","153140","","",""
"WHS7_139","Out-of-pocket expenditure as a percentage of private expenditure on health","http://apps.who.int/gho/indicatorregistry/App_Main/view_indicator.aspx?iid=107","PUBLISHED","Published","","2010","2010","","EMR","Eastern Mediterranean","","","","","PAK","Pakistan","","88.0","88","","",""
"MDG_0000000003","Adolescent fertility rate (per 1000 girls aged 15-19 years)","http://apps.who.int/gho/indicatorregistry/App_Main/view_indicator.aspx?iid=3","PUBLISHED","Published","","2007","2007","","EMR","Eastern Mediterranean","","","","","PAK","Pakistan","","16","16.1","","",""
"WHS7_120","External resources for health as a percentage of total expenditure on health","http://apps.who.int/gho/indicatorregistry/App_Main/view_indicator.aspx?iid=91","PUBLISHED","Published","","2002","2002","","EMR","Eastern Mediterranean","","","","","PAK","Pakistan","","1.4","1.38","","",""
"WHS7_103","Private prepaid plans as a percentage of private expenditure on health","http://apps.who.int/gho/indicatorregistry/App_Main/view_indicator.aspx?iid=120","PUBLISHED","Published","","2003","2003","","EMR","Eastern Mediterranean","","","","","PAK","Pakistan","","0.2","0.25","","",""
"WHS4_107","Children aged <5 years with diarrhoea receiving ORT (%)","http://apps.who.int/gho/indicatorregistry/App_Main/view_indicator.aspx?iid=71","PUBLISHED","Published","","2010","2010","","EMR","Eastern Mediterranean","","","","","PAK","Pakistan","","47.2","47.2","","",""
"WHS7_108","Per capita government expenditure on health (PPP int. $)","http://apps.who.int/gho/indicatorregistry/App_Main/view_indicator.aspx?iid=108","PUBLISHED","Published","","2007","2007","","EMR","Eastern Mediterranean","","","","","PAK","Pakistan","","20.1","20.15","","",""
"WHS3_41","Diphtheria - number of reported cases","http://apps.who.int/gho/indicatorregistry/App_Main/view_indicator.aspx?iid=43","PUBLISHED","Published","","2011","2011","","EMR","Eastern Mediterranean","","","","","PAK","Pakistan","","22.00","22","","",""
"WHS9_85","Literacy rate among adults aged >= 15 years (%)","http://apps.who.int/gho/indicatorregistry/App_Main/view_indicator.aspx?iid=77","PUBLISHED","Published","","2008","2008","","EMR","Eastern Mediterranean","","","","","PAK","Pakistan","","55.5","55.53","","",""
"WHS7_139","Out-of-pocket expenditure as a percentage of private expenditure on health","http://apps.who.int/gho/indicatorregistry/App_Main/view_indicator.aspx?iid=107","PUBLISHED","Published","","2008","2008","","EMR","Eastern Mediterranean","","","","","PAK","Pakistan","","87.5","87.47","","",""
"WHS7_147","Private expenditure on health as a percentage of total expenditure on health","http://apps.who.int/gho/indicatorregistry/App_Main/view_indicator.aspx?iid=119","PUBLISHED","Published","","2003","2003","","EMR","Eastern Mediterranean","","","","","PAK","Pakistan","","75.9","75.92","","",""
"WHS8_110","Measles (MCV) immunization coverage among 1-year-olds (%)","http://apps.who.int/gho/indicatorregistry/App_Main/view_indicator.aspx?iid=2","PUBLISHED","Published","","2009","2009","","EMR","Eastern Mediterranean","","","","","PAK","Pakistan","","70","70","","",""
"WHS7_156","Per capita total expenditure on health at average exchange rate (US$)","http://apps.who.int/gho/indicatorregistry/App_Main/view_indicator.aspx?iid=111","PUBLISHED","Published","","2010","2010","","EMR","Eastern Mediterranean","","","","","PAK","Pakistan","","28.0","28.04","","",""
"WHS7_149","General government expenditure on health as a percentage of total expenditure on health","http://apps.who.int/gho/indicatorregistry/App_Main/view_indicator.aspx?iid=92","PUBLISHED","Published","","2006","2006","","EMR","Eastern Mediterranean","","","","","PAK","Pakistan","","31.2","31.17","","",""
"WHS4_128","Neonates protected at birth against neonatal tetanus (PAB) (%)","http://apps.who.int/gho/indicatorregistry/App_Main/view_indicator.aspx?iid=98","PUBLISHED","Published","","2008","2008","","EMR","Eastern Mediterranean","","","","","PAK","Pakistan","","80","80","","",""
"WHS4_117","Hepatitis B (HepB3) immunization coverage among 1-year-olds (%)","http://apps.who.int/gho/indicatorregistry/App_Main/view_indicator.aspx?iid=95","PUBLISHED","Published","","2004","2004","","EMR","Eastern Mediterranean","","","","","PAK","Pakistan","","65","65","","",""
"WHS7_147","Private expenditure on health as a percentage of total expenditure on health","http://apps.who.int/gho/indicatorregistry/App_Main/view_indicator.aspx?iid=119","PUBLISHED","Published","","2011","2011","","EMR","Eastern Mediterranean","","","","","PAK","Pakistan","","73.0","72.98","","",""
"WHS7_134","Social security expenditure on health as a percentage of general government expenditure on health","http://apps.who.int/gho/indicatorregistry/App_Main/view_indicator.aspx?iid=121","PUBLISHED","Published","","2010","2010","","EMR","Eastern Mediterranean","","","","","PAK","Pakistan","","3.4","3.39","","",""
"WHS3_56","Neonatal tetanus - number of reported cases","http://apps.who.int/gho/indicatorregistry/App_Main/view_indicator.aspx?iid=58","PUBLISHED","Published","","2011","2011","","EMR","Eastern Mediterranean","","","","","PAK","Pakistan","","505.00","505","","",""
"WHS7_105","Per capita total expenditure on health (PPP int. $)","http://apps.who.int/gho/indicatorregistry/App_Main/view_indicator.aspx?iid=110","PUBLISHED","Published","","2011","2011","","EMR","Eastern Mediterranean","","","","","PAK","Pakistan","","69.3","69.35","","",""
"WHS7_156","Per capita total expenditure on health at average exchange rate (US$)","http://apps.who.int/gho/indicatorregistry/App_Main/view_indicator.aspx?iid=111","PUBLISHED","Published","","2007","2007","","EMR","Eastern Mediterranean","","","","","PAK","Pakistan","","26.1","26.1","","",""
"WHS4_129","Hib (Hib3) immunization coverage among 1-year-olds (%)","http://apps.who.int/gho/indicatorregistry/App_Main/view_indicator.aspx?iid=96","PUBLISHED","Published","","2010","2010","","EMR","Eastern Mediterranean","","","","","PAK","Pakistan","","86","86","","",""
"WHS4_100","Diphtheria tetanus toxoid and pertussis (DTP3) immunization coverage among 1-year-olds (%)","http://apps.who.int/gho/indicatorregistry/App_Main/view_indicator.aspx?iid=88","PUBLISHED","Published","","2002","2002","","EMR","Eastern Mediterranean","","","","","PAK","Pakistan","","68","68","","",""
"WHS7_103","Private prepaid plans as a percentage of private expenditure on health","http://apps.who.int/gho/indicatorregistry/App_Main/view_indicator.aspx?iid=120","PUBLISHED","Published","","2009","2009","","EMR","Eastern Mediterranean","","","","","PAK","Pakistan","","0.3","0.25","","",""
"WHS7_120","External resources for health as a percentage of total expenditure on health","http://apps.who.int/gho/indicatorregistry/App_Main/view_indicator.aspx?iid=91","PUBLISHED","Published","","2011","2011","","EMR","Eastern Mediterranean","","","","","PAK","Pakistan","","5.1","5.07","","",""
"WHS2_3070_cdd","Age-standardized mortality rate by cause (ages 30-70, per 100 000 population) - Cardiovasular disease and diabetes","http://apps.who.int/gho/indicatorregistry/App_Main/view_indicator.aspx?iid=78","PUBLISHED","Published","","2008","2008","","EMR","Eastern Mediterranean","","","","","PAK","Pakistan","","361","361","","",""
"WHS4_100","Diphtheria tetanus toxoid and pertussis (DTP3) immunization coverage among 1-year-olds (%)","http://apps.who.int/gho/indicatorregistry/App_Main/view_indicator.aspx?iid=88","PUBLISHED","Published","","2010","2010","","EMR","Eastern Mediterranean","","","","","PAK","Pakistan","","86","86","","",""
"MDG_0000000033","Antiretroviral therapy coverage among people with advanced HIV infection (%)","http://apps.who.int/gho/indicatorregistry/App_Main/view_indicator.aspx?iid=12","PUBLISHED","Published","","2011","2011","","EMR","Eastern Mediterranean","","","","","PAK","Pakistan","","10 [6-15]","10","6","15",""
"WHS7_108","Per capita government expenditure on health (PPP int. $)","http://apps.who.int/gho/indicatorregistry/App_Main/view_indicator.aspx?iid=108","PUBLISHED","Published","","2010","2010","","EMR","Eastern Mediterranean","","","","","PAK","Pakistan","","21.1","21.07","","",""
"WHS4_117","Hepatitis B (HepB3) immunization coverage among 1-year-olds (%)","http://apps.who.int/gho/indicatorregistry/App_Main/view_indicator.aspx?iid=95","PUBLISHED","Published","","2010","2010","","EMR","Eastern Mediterranean","","","","","PAK","Pakistan","","86","86","","",""
"WHS7_134","Social security expenditure on health as a percentage of general government expenditure on health","http://apps.who.int/gho/indicatorregistry/App_Main/view_indicator.aspx?iid=121","PUBLISHED","Published","","2002","2002","","EMR","Eastern Mediterranean","","","","","PAK","Pakistan","","4.6","4.61","","",""
"WHS3_48","Malaria - number of reported cases","http://apps.who.int/gho/indicatorregistry/App_Main/view_indicator.aspx?iid=50","PUBLISHED","Published","","2009","2009","","EMR","Eastern Mediterranean","","","","","PAK","Pakistan","","167579","","","",""
"WHS7_139","Out-of-pocket expenditure as a percentage of private expenditure on health","http://apps.who.int/gho/indicatorregistry/App_Main/view_indicator.aspx?iid=107","PUBLISHED","Published","","2002","2002","","EMR","Eastern Mediterranean","","","","","PAK","Pakistan","","78.0","78.02","","",""
"WHS7_143","Total expenditure on health as a percentage of gross domestic product","http://apps.who.int/gho/indicatorregistry/App_Main/view_indicator.aspx?iid=122","PUBLISHED","Published","","2008","2008","","EMR","Eastern Mediterranean","","","","","PAK","Pakistan","","3.3","3.33","","",""
"WHS3_40","Cholera - number of reported cases","http://apps.who.int/gho/indicatorregistry/App_Main/view_indicator.aspx?iid=42","PUBLISHED","Published","","2011","2011","","EMR","Eastern Mediterranean","","","","","PAK","Pakistan","","527.00","527","","",""
"WHS8_110","Measles (MCV) immunization coverage among 1-year-olds (%)","http://apps.who.int/gho/indicatorregistry/App_Main/view_indicator.aspx?iid=2","PUBLISHED","Published","","2010","2010","","EMR","Eastern Mediterranean","","","","","PAK","Pakistan","","82","82","","",""
"WHS7_134","Social security expenditure on health as a percentage of general government expenditure on health","http://apps.who.int/gho/indicatorregistry/App_Main/view_indicator.aspx?iid=121","PUBLISHED","Published","","2008","2008","","EMR","Eastern Mediterranean","","","","","PAK","Pakistan","","3.7","3.66","","",""
"WHS7_105","Per capita total expenditure on health (PPP int. $)","http://apps.who.int/gho/indicatorregistry/App_Main/view_indicator.aspx?iid=110","PUBLISHED","Published","","2009","2009","","EMR","Eastern Mediterranean","","","","","PAK","Pakistan","","74.5","74.54","","",""
"WHS3_48","Malaria - number of reported cases","http://apps.who.int/gho/indicatorregistry/App_Main/view_indicator.aspx?iid=50","PUBLISHED","Published","","2010","2010","","EMR","Eastern Mediterranean","","","","","PAK","Pakistan","","219175","","","",""
"MDG_0000000029","Prevalence of HIV among adults aged 15 to 49 (%)","http://apps.who.int/gho/indicatorregistry/App_Main/view_indicator.aspx?iid=334","PUBLISHED","Published","","2006","2006","","EMR","Eastern Mediterranean","","","","","PAK","Pakistan","","<0.1 [<0.1-<0.1]","","","",""
"WHS7_108","Per capita government expenditure on health (PPP int. $)","http://apps.who.int/gho/indicatorregistry/App_Main/view_indicator.aspx?iid=108","PUBLISHED","Published","","2008","2008","","EMR","Eastern Mediterranean","","","","","PAK","Pakistan","","21.8","21.84","","",""
"WHS7_108","Per capita government expenditure on health (PPP int. $)","http://apps.who.int/gho/indicatorregistry/App_Main/view_indicator.aspx?iid=108","PUBLISHED","Published","","2011","2011","","EMR","Eastern Mediterranean","","","","","PAK","Pakistan","","18.7","18.74","","",""
"WHS7_156","Per capita total expenditure on health at average exchange rate (US$)","http://apps.who.int/gho/indicatorregistry/App_Main/view_indicator.aspx?iid=111","PUBLISHED","Published","","2002","2002","","EMR","Eastern Mediterranean","","","","","PAK","Pakistan","","14.9","14.92","","",""
"WHS7_143","Total expenditure on health as a percentage of gross domestic product","http://apps.who.int/gho/indicatorregistry/App_Main/view_indicator.aspx?iid=122","PUBLISHED","Published","","2006","2006","","EMR","Eastern Mediterranean","","","","","PAK","Pakistan","","2.8","2.76","","",""
"WHS4_100","Diphtheria tetanus toxoid and pertussis (DTP3) immunization coverage among 1-year-olds (%)","http://apps.who.int/gho/indicatorregistry/App_Main/view_indicator.aspx?iid=88","PUBLISHED","Published","","2005","2005","","EMR","Eastern Mediterranean","","","","","PAK","Pakistan","","80","80","","",""
"WHS9_96","Population living in urban areas (%)","http://apps.who.int/gho/indicatorregistry/App_Main/view_indicator.aspx?iid=114","PUBLISHED","Published","","2011","2011","","EMR","Eastern Mediterranean","","","","","PAK","Pakistan","","36","36.19","","",""
"WHS2_3070_chronic","Age-standardized mortality rate by cause (ages 30-70, per 100 000 population) - Chronic respiratory conditions","http://apps.who.int/gho/indicatorregistry/App_Main/view_indicator.aspx?iid=78","PUBLISHED","Published","","2008","2008","","EMR","Eastern Mediterranean","","","","","PAK","Pakistan","","86","86","","",""
"WHS9_CS","Cellular subscribers (per 100 population)","http://apps.who.int/gho/indicatorregistry/App_Main/view_indicator.aspx?iid=2974","PUBLISHED","Published","","2010","2010","","EMR","Eastern Mediterranean","","","","","PAK","Pakistan","","57","57","","",""
"WHS9_86","Population (in thousands) total","http://apps.who.int/gho/indicatorregistry/App_Main/view_indicator.aspx?iid=113","PUBLISHED","Published","","2004","2004","","EMR","Eastern Mediterranean","","","","","PAK","Pakistan","","155860","155860","","",""
"MDG_0000000005","Contraceptive prevalence (%)","http://apps.who.int/gho/indicatorregistry/App_Main/view_indicator.aspx?iid=5","PUBLISHED","Published","","2008","2008","","EMR","Eastern Mediterranean","","","","","PAK","Pakistan","","27.0","27","","",""
"WHS7_120","External resources for health as a percentage of total expenditure on health","http://apps.who.int/gho/indicatorregistry/App_Main/view_indicator.aspx?iid=91","PUBLISHED","Published","","2003","2003","","EMR","Eastern Mediterranean","","","","","PAK","Pakistan","","1.5","1.51","","",""
"WHS7_149","General government expenditure on health as a percentage of total expenditure on health","http://apps.who.int/gho/indicatorregistry/App_Main/view_indicator.aspx?iid=92","PUBLISHED","Published","","2007","2007","","EMR","Eastern Mediterranean","","","","","PAK","Pakistan","","27.2","27.18","","",""
"WHS9_85","Literacy rate among adults aged >= 15 years (%)","http://apps.who.int/gho/indicatorregistry/App_Main/view_indicator.aspx?iid=77","PUBLISHED","Published","","2005","2005","","EMR","Eastern Mediterranean","","","","","PAK","Pakistan","","49.9","49.87","","",""
"WHS4_117","Hepatitis B (HepB3) immunization coverage among 1-year-olds (%)","http://apps.who.int/gho/indicatorregistry/App_Main/view_indicator.aspx?iid=95","PUBLISHED","Published","","2005","2005","","EMR","Eastern Mediterranean","","","","","PAK","Pakistan","","73","73","","",""
"WHS7_143","Total expenditure on health as a percentage of gross domestic product","http://apps.who.int/gho/indicatorregistry/App_Main/view_indicator.aspx?iid=122","PUBLISHED","Published","","2009","2009","","EMR","Eastern Mediterranean","","","","","PAK","Pakistan","","2.9","2.88","","",""
"WHS7_103","Private prepaid plans as a percentage of private expenditure on health","http://apps.who.int/gho/indicatorregistry/App_Main/view_indicator.aspx?iid=120","PUBLISHED","Published","","2004","2004","","EMR","Eastern Mediterranean","","","","","PAK","Pakistan","","0.3","0.26","","",""
"WHS7_105","Per capita total expenditure on health (PPP int. $)","http://apps.who.int/gho/indicatorregistry/App_Main/view_indicator.aspx?iid=110","PUBLISHED","Published","","2003","2003","","EMR","Eastern Mediterranean","","","","","PAK","Pakistan","","51.9","51.91","","",""
"WHS7_108","Per capita government expenditure on health (PPP int. $)","http://apps.who.int/gho/indicatorregistry/App_Main/view_indicator.aspx?iid=108","PUBLISHED","Published","","2002","2002","","EMR","Eastern Mediterranean","","","","","PAK","Pakistan","","14.9","14.93","","",""
"WHS3_56","Neonatal tetanus - number of reported cases","http://apps.who.int/gho/indicatorregistry/App_Main/view_indicator.aspx?iid=58","PUBLISHED","Published","","2010","2010","","EMR","Eastern Mediterranean","","","","","PAK","Pakistan","","508","508","","",""
"WHS7_156","Per capita total expenditure on health at average exchange rate (US$)","http://apps.who.int/gho/indicatorregistry/App_Main/view_indicator.aspx?iid=111","PUBLISHED","Published","","2008","2008","","EMR","Eastern Mediterranean","","","","","PAK","Pakistan","","28.9","28.93","","",""
"WHS7_113","General government expenditure on health as a percentage of total government expenditure","http://apps.who.int/gho/indicatorregistry/App_Main/view_indicator.aspx?iid=93","PUBLISHED","Published","","2010","2010","","EMR","Eastern Mediterranean","","","","","PAK","Pakistan","","3.4","3.42","","",""
"WHS9_85","Literacy rate among adults aged >= 15 years (%)","http://apps.who.int/gho/indicatorregistry/App_Main/view_indicator.aspx?iid=77","PUBLISHED","Published","","2009","2009","","EMR","Eastern Mediterranean","","","","","PAK","Pakistan","","54.9","54.89","","",""
"WHS7_104","Per capita government expenditure on health at average exchange rate (US$)","http://apps.who.int/gho/indicatorregistry/App_Main/view_indicator.aspx?iid=109","PUBLISHED","Published","","2005","2005","","EMR","Eastern Mediterranean","","","","","PAK","Pakistan","","5.1","5.14","","",""
"SA_0000001688","Total (recorded + unrecorded) adult (15+ years) per capita consumption, projected estimates for 2008","http://apps.who.int/gho/indicatorregistry/App_Main/view_indicator.aspx?iid=2465","PUBLISHED","Published","","2008","2008","","EMR","Eastern Mediterranean","","EMR D","EMR D","","PAK","Pakistan","","0.05","0.05","","",""
"WHS4_100","Diphtheria tetanus toxoid and pertussis (DTP3) immunization coverage among 1-year-olds (%)","http://apps.who.int/gho/indicatorregistry/App_Main/view_indicator.aspx?iid=88","PUBLISHED","Published","","2011","2011","","EMR","Eastern Mediterranean","","","","","PAK","Pakistan","","80","80","","",""
"WHS9_88","Population median age (years)","http://apps.who.int/gho/indicatorregistry/App_Main/view_indicator.aspx?iid=116","PUBLISHED","Published","","2005","2005","","EMR","Eastern Mediterranean","","","","","PAK","Pakistan","","20","20.18","","",""
"WHS4_128","Neonates protected at birth against neonatal tetanus (PAB) (%)","http://apps.who.int/gho/indicatorregistry/App_Main/view_indicator.aspx?iid=98","PUBLISHED","Published","","2002","2002","","EMR","Eastern Mediterranean","","","","","PAK","Pakistan","","79","79","","",""
"WHS7_147","Private expenditure on health as a percentage of total expenditure on health","http://apps.who.int/gho/indicatorregistry/App_Main/view_indicator.aspx?iid=119","PUBLISHED","Published","","2004","2004","","EMR","Eastern Mediterranean","","","","","PAK","Pakistan","","74.4","74.4","","",""
"WHS7_149","General government expenditure on health as a percentage of total expenditure on health","http://apps.who.int/gho/indicatorregistry/App_Main/view_indicator.aspx?iid=92","PUBLISHED","Published","","2005","2005","","EMR","Eastern Mediterranean","","","","","PAK","Pakistan","","26.8","26.85","","",""
"WHS4_117","Hepatitis B (HepB3) immunization coverage among 1-year-olds (%)","http://apps.who.int/gho/indicatorregistry/App_Main/view_indicator.aspx?iid=95","PUBLISHED","Published","","2011","2011","","EMR","Eastern Mediterranean","","","","","PAK","Pakistan","","80","80","","",""
"WHS4_117","Hepatitis B (HepB3) immunization coverage among 1-year-olds (%)","http://apps.who.int/gho/indicatorregistry/App_Main/view_indicator.aspx?iid=95","PUBLISHED","Published","","2003","2003","","EMR","Eastern Mediterranean","","","","","PAK","Pakistan","","63","63","","",""
"DEVICES22","Total density per million population: Radiotherapy","http://apps.who.int/gho/indicatorregistry/App_Main/view_indicator.aspx?iid=2441","PUBLISHED","Published","","2010","2010","","EMR","Eastern Mediterranean","","","","","PAK","Pakistan","","0.09","0.09","","",""
"WHS7_103","Private prepaid plans as a percentage of private expenditure on health","http://apps.who.int/gho/indicatorregistry/App_Main/view_indicator.aspx?iid=120","PUBLISHED","Published","","2002","2002","","EMR","Eastern Mediterranean","","","","","PAK","Pakistan","","0.3","0.26","","",""
"WHS9_86","Population (in thousands) total","http://apps.who.int/gho/indicatorregistry/App_Main/view_indicator.aspx?iid=113","PUBLISHED","Published","","2005","2005","","EMR","Eastern Mediterranean","","","","","PAK","Pakistan","","158645","158645","","",""
"WHS9_85","Literacy rate among adults aged >= 15 years (%)","http://apps.who.int/gho/indicatorregistry/App_Main/view_indicator.aspx?iid=77","PUBLISHED","Published","","2006","2006","","EMR","Eastern Mediterranean","","","","","PAK","Pakistan","","54.2","54.15","","",""
"MDG_0000000006","Unmet need for family planning (%)","http://apps.who.int/gho/indicatorregistry/App_Main/view_indicator.aspx?iid=6","PUBLISHED","Published","","2007","2007","","EMR","Eastern Mediterranean","","","","","PAK","Pakistan","","25.2","25.2","","",""
"WHS3_48","Malaria - number of reported cases","http://apps.who.int/gho/indicatorregistry/App_Main/view_indicator.aspx?iid=50","PUBLISHED","Published","","2011","2011","","EMR","Eastern Mediterranean","","","","","PAK","Pakistan","","334589","","","",""
"MDG_0000000025","Births attended by skilled health personnel (%)","http://apps.who.int/gho/indicatorregistry/App_Main/view_indicator.aspx?iid=25","PUBLISHED","Published","","2011","2011","","EMR","Eastern Mediterranean","","","","","PAK","Pakistan","","45.0","45","","","
Data refers to years 2010-2011. 
"
"WHS3_51","H5N1 influenza - number of reported cases","http://apps.who.int/gho/indicatorregistry/App_Main/view_indicator.aspx?iid=53","PUBLISHED","Published","","2012","2012","","EMR","Eastern Mediterranean","","","","","PAK","Pakistan","","0.00","0","","",""
"WHS7_104","Per capita government expenditure on health at average exchange rate (US$)","http://apps.who.int/gho/indicatorregistry/App_Main/view_indicator.aspx?iid=109","PUBLISHED","Published","","2003","2003","","EMR","Eastern Mediterranean","","","","","PAK","Pakistan","","3.8","3.81","","",""
"WHS8_110","Measles (MCV) immunization coverage among 1-year-olds (%)","http://apps.who.int/gho/indicatorregistry/App_Main/view_indicator.aspx?iid=2","PUBLISHED","Published","","2008","2008","","EMR","Eastern Mediterranean","","","","","PAK","Pakistan","","81","81","","",""
"WHS7_103","Private prepaid plans as a percentage of private expenditure on health","http://apps.who.int/gho/indicatorregistry/App_Main/view_indicator.aspx?iid=120","PUBLISHED","Published","","2010","2010","","EMR","Eastern Mediterranean","","","","","PAK","Pakistan","","0.3","0.27","","",""
"WHS7_120","External resources for health as a percentage of total expenditure on health","http://apps.who.int/gho/indicatorregistry/App_Main/view_indicator.aspx?iid=91","PUBLISHED","Published","","2004","2004","","EMR","Eastern Mediterranean","","","","","PAK","Pakistan","","1.9","1.9","","",""
"WHS3_46","Total tetanus - number of reported cases","http://apps.who.int/gho/indicatorregistry/App_Main/view_indicator.aspx?iid=48","PUBLISHED","Published","","2010","2010","","EMR","Eastern Mediterranean","","","","","PAK","Pakistan","","559","559","","",""
"WHS7_139","Out-of-pocket expenditure as a percentage of private expenditure on health","http://apps.who.int/gho/indicatorregistry/App_Main/view_indicator.aspx?iid=107","PUBLISHED","Published","","2009","2009","","EMR","Eastern Mediterranean","","","","","PAK","Pakistan","","88.8","88.82","","",""
"WHS7_105","Per capita total expenditure on health (PPP int. $)","http://apps.who.int/gho/indicatorregistry/App_Main/view_indicator.aspx?iid=110","PUBLISHED","Published","","2004","2004","","EMR","Eastern Mediterranean","","","","","PAK","Pakistan","","56.1","56.05","","",""
"WHS7_113","General government expenditure on health as a percentage of total government expenditure","http://apps.who.int/gho/indicatorregistry/App_Main/view_indicator.aspx?iid=93","PUBLISHED","Published","","2011","2011","","EMR","Eastern Mediterranean","","","","","PAK","Pakistan","","3.6","3.58","","",""
"WHS7_156","Per capita total expenditure on health at average exchange rate (US$)","http://apps.who.int/gho/indicatorregistry/App_Main/view_indicator.aspx?iid=111","PUBLISHED","Published","","2011","2011","","EMR","Eastern Mediterranean","","","","","PAK","Pakistan","","29.7","29.7","","",""
"WHS7_108","Per capita government expenditure on health (PPP int. $)","http://apps.who.int/gho/indicatorregistry/App_Main/view_indicator.aspx?iid=108","PUBLISHED","Published","","2009","2009","","EMR","Eastern Mediterranean","","","","","PAK","Pakistan","","19.5","19.53","","",""
"WHS7_104","Per capita government expenditure on health at average exchange rate (US$)","http://apps.who.int/gho/indicatorregistry/App_Main/view_indicator.aspx?iid=109","PUBLISHED","Published","","2006","2006","","EMR","Eastern Mediterranean","","","","","PAK","Pakistan","","6.7","6.75","","",""
"WHS4_128","Neonates protected at birth against neonatal tetanus (PAB) (%)","http://apps.who.int/gho/indicatorregistry/App_Main/view_indicator.aspx?iid=98","PUBLISHED","Published","","2007","2007","","EMR","Eastern Mediterranean","","","","","PAK","Pakistan","","78","78","","",""
"MDG_0000000026","Maternal mortality ratio (per 100 000 live births) - Interagency estimates","http://apps.who.int/gho/indicatorregistry/App_Main/view_indicator.aspx?iid=26","PUBLISHED","Published","","2005","2005","","EMR","Eastern Mediterranean","","","","","PAK","Pakistan","","310 [170-590]","310","170","590",""
"WHS7_147","Private expenditure on health as a percentage of total expenditure on health","http://apps.who.int/gho/indicatorregistry/App_Main/view_indicator.aspx?iid=119","PUBLISHED","Published","","2010","2010","","EMR","Eastern Mediterranean","","","","","PAK","Pakistan","","71.8","71.82","","",""
"WHS9_88","Population median age (years)","http://apps.who.int/gho/indicatorregistry/App_Main/view_indicator.aspx?iid=116","PUBLISHED","Published","","2010","2010","","EMR","Eastern Mediterranean","","","","","PAK","Pakistan","","22","21.67","","",""
"WHS7_113","General government expenditure on health as a percentage of total government expenditure","http://apps.who.int/gho/indicatorregistry/App_Main/view_indicator.aspx?iid=93","PUBLISHED","Published","","2002","2002","","EMR","Eastern Mediterranean","","","","","PAK","Pakistan","","3.0","2.95","","",""
"WHS7_134","Social security expenditure on health as a percentage of general government expenditure on health","http://apps.who.int/gho/indicatorregistry/App_Main/view_indicator.aspx?iid=121","PUBLISHED","Published","","2009","2009","","EMR","Eastern Mediterranean","","","","","PAK","Pakistan","","3.5","3.52","","",""
"WHS7_149","General government expenditure on health as a percentage of total expenditure on health","http://apps.who.int/gho/indicatorregistry/App_Main/view_indicator.aspx?iid=92","PUBLISHED","Published","","2008","2008","","EMR","Eastern Mediterranean","","","","","PAK","Pakistan","","26.1","26.08","","",""
"WHS7_105","Per capita total expenditure on health (PPP int. $)","http://apps.who.int/gho/indicatorregistry/App_Main/view_indicator.aspx?iid=110","PUBLISHED","Published","","2010","2010","","EMR","Eastern Mediterranean","","","","","PAK","Pakistan","","74.8","74.78","","",""
"WHS4_128","Neonates protected at birth against neonatal tetanus (PAB) (%)","http://apps.who.int/gho/indicatorregistry/App_Main/view_indicator.aspx?iid=98","PUBLISHED","Published","","2010","2010","","EMR","Eastern Mediterranean","","","","","PAK","Pakistan","","84","84","","",""
"WHS8_110","Measles (MCV) immunization coverage among 1-year-olds (%)","http://apps.who.int/gho/indicatorregistry/App_Main/view_indicator.aspx?iid=2","PUBLISHED","Published","","2002","2002","","EMR","Eastern Mediterranean","","","","","PAK","Pakistan","","63","63","","",""
"WHS7_120","External resources for health as a percentage of total expenditure on health","http://apps.who.int/gho/indicatorregistry/App_Main/view_indicator.aspx?iid=91","PUBLISHED","Published","","2010","2010","","EMR","Eastern Mediterranean","","","","","PAK","Pakistan","","3.8","3.75","","",""
"WHS4_100","Diphtheria tetanus toxoid and pertussis (DTP3) immunization coverage among 1-year-olds (%)","http://apps.who.int/gho/indicatorregistry/App_Main/view_indicator.aspx?iid=88","PUBLISHED","Published","","2003","2003","","EMR","Eastern Mediterranean","","","","","PAK","Pakistan","","67","67","","",""

